{"1": {"label": "Tempo de Espera M\u00e9dio Para Atendimentos Avan\u00e7ados (minutos)", "mean": 87.20131208392219, "std": 43.57054864689128}, "2": {"mean": 70.96737590774194, "std": 26.036913493573277}, "3": {"label": "N\u00famero de Atendimentos Basicos N\u00e3o Realizados", "mean": 37.42986111111111, "std": 30.46426585771511}, "4": {"label": "N\u00famero de Atendimentos Avan\u00e7ados N\u00e3o Realizados", "mean": 9.96875, "std": 7.767532186578825}, "5": {"label": "M\u00e9dia das Dist\u00e2ncias dos Atendimentos B\u00e1sicos (metros)", "mean": 45.77196313407207, "std": 735.503154765354}, "6": {"label": "M\u00e9dia das Dist\u00e2ncias dos Atendimentos Avan\u00e7ados (metros)", "mean": 12.99462508278934, "std": 355.9732685051516}, "7": {"label": "N\u00famero de Ambul\u00e2ncias Avan\u00e7adas Dispon\u00edveis", "mean": 5.996527777777778, "std": 0.08734690428008464}, "8": {"label": "N\u00famero de Ambul\u00e2ncias B\u00e1sicas Dispon\u00edveis", "mean": 20.98402777777778, "std": 0.252301168729347}}