{"1": {"label": "Tempo de Espera M\u00e9dio Para Atendimentos Avan\u00e7ados (minutos)", "mean": 87.06004998379612, "std": 43.333535491791515}, "2": {"mean": 70.72132930068476, "std": 26.6903343162645}, "3": {"label": "N\u00famero de Atendimentos Basicos N\u00e3o Realizados", "mean": 37.43298611111111, "std": 30.000677694785256}, "4": {"label": "N\u00famero de Atendimentos Avan\u00e7ados N\u00e3o Realizados", "mean": 9.973263888888889, "std": 8.119140232208213}, "5": {"label": "M\u00e9dia das Dist\u00e2ncias dos Atendimentos B\u00e1sicos (metros)", "mean": 31.160696586759265, "std": 638.5031952418377}, "6": {"label": "M\u00e9dia das Dist\u00e2ncias dos Atendimentos Avan\u00e7ados (metros)", "mean": 22.958909559481338, "std": 526.798754344396}, "7": {"label": "N\u00famero de Ambul\u00e2ncias Avan\u00e7adas Dispon\u00edveis", "mean": 5.996527777777778, "std": 0.06964724738530124}, "8": {"label": "N\u00famero de Ambul\u00e2ncias B\u00e1sicas Dispon\u00edveis", "mean": 20.984375, "std": 0.31202421230675}}