{"1": {"label": "Tempo de Espera M\u00e9dio Para Atendimentos Avan\u00e7ados (minutos)", "mean": 86.10781401038649, "std": 44.16653631390628}, "2": {"mean": 70.86405228749817, "std": 26.56137465420752}, "3": {"label": "N\u00famero de Atendimentos Basicos N\u00e3o Realizados", "mean": 37.41319444444444, "std": 30.555584268338666}, "4": {"label": "N\u00famero de Atendimentos Avan\u00e7ados N\u00e3o Realizados", "mean": 9.960416666666667, "std": 8.18201009305805}, "5": {"label": "M\u00e9dia das Dist\u00e2ncias dos Atendimentos B\u00e1sicos (metros)", "mean": 50.00316649048848, "std": 832.268325434939}, "6": {"label": "M\u00e9dia das Dist\u00e2ncias dos Atendimentos Avan\u00e7ados (metros)", "mean": 29.717068085697825, "std": 657.332178093126}, "7": {"label": "N\u00famero de Ambul\u00e2ncias Avan\u00e7adas Dispon\u00edveis", "mean": 8.99375, "std": 0.10188821694896447}, "8": {"label": "N\u00famero de Ambul\u00e2ncias B\u00e1sicas Dispon\u00edveis", "mean": 26.977777777777778, "std": 0.36453483650057383}}