{"1": {"label": "Tempo de Espera M\u00e9dio Para Atendimentos Avan\u00e7ados (minutos)", "mean": 86.328998883867, "std": 43.90417167752657}, "2": {"mean": 70.62059046178047, "std": 26.305706005580685}, "3": {"label": "N\u00famero de Atendimentos Basicos N\u00e3o Realizados", "mean": 37.45763888888889, "std": 29.841428969239566}, "4": {"label": "N\u00famero de Atendimentos Avan\u00e7ados N\u00e3o Realizados", "mean": 9.987847222222221, "std": 7.9995348651855025}, "5": {"label": "M\u00e9dia das Dist\u00e2ncias dos Atendimentos B\u00e1sicos (metros)", "mean": 29.354232216125407, "std": 614.0161073448471}, "6": {"label": "M\u00e9dia das Dist\u00e2ncias dos Atendimentos Avan\u00e7ados (metros)", "mean": 6.709172949433702, "std": 216.51288466422432}, "7": {"label": "N\u00famero de Ambul\u00e2ncias Avan\u00e7adas Dispon\u00edveis", "mean": 2.997916666666667, "std": 0.04560389433898772}, "8": {"label": "N\u00famero de Ambul\u00e2ncias B\u00e1sicas Dispon\u00edveis", "mean": 11.989930555555556, "std": 0.1832780001122652}}