{"1": {"label": "Tempo de Espera M\u00e9dio Para Atendimentos Avan\u00e7ados (minutos)", "mean": 85.66674869155642, "std": 44.67860093070482}, "2": {"mean": 70.26947102812338, "std": 26.976249656721055}, "3": {"label": "N\u00famero de Atendimentos Basicos N\u00e3o Realizados", "mean": 37.43159722222222, "std": 30.094562812743476}, "4": {"label": "N\u00famero de Atendimentos Avan\u00e7ados N\u00e3o Realizados", "mean": 9.973263888888889, "std": 7.9865495933843365}, "5": {"label": "M\u00e9dia das Dist\u00e2ncias dos Atendimentos B\u00e1sicos (metros)", "mean": 37.183249357862, "std": 685.646037741139}, "6": {"label": "M\u00e9dia das Dist\u00e2ncias dos Atendimentos Avan\u00e7ados (metros)", "mean": 15.662436599748421, "std": 417.37770488369097}, "7": {"label": "N\u00famero de Ambul\u00e2ncias Avan\u00e7adas Dispon\u00edveis", "mean": 5.996527777777778, "std": 0.0789943692792835}, "8": {"label": "N\u00famero de Ambul\u00e2ncias B\u00e1sicas Dispon\u00edveis", "mean": 20.983680555555555, "std": 0.2556978247859121}}